zip,count
99645,10
99827,1
99926,1
35016,1
35077,5
35115,7
35203,2
35401,13
35550,3
35633,3
35903,10
35986,6
36305,106
36420,24
36530,2
36575,3
36580,1
36602,2
36613,1
36701,25
71638,2
71665,4
71676,1
71753,1
71852,2
71901,10
72006,2
72022,4
72519,1
72650,1
72904,8
85009,9
85041,8
85086,36
85140,2
85207,9
85212,6
85234,47
85250,1
85268,25
85284,50
85295,14
85306,138
85367,8
85378,1
85383,14
85603,7
85648,5
85653,15
85747,3
85929,4
86336,20
86440,1
86512,1
90005,8
90010,1
90016,3
90021,4
90032,3
90066,3
90248,5
90275,11
90280,43
90291,1
90401,4
90660,7
90716,4
90732,87
90804,15
90815,85
91024,8
91040,1
91107,17
91206,49
91316,4
91321,9
91701,1
91746,1
91762,21
91773,32
92020,30
92054,21
92065,2
92081,25
92103,124
92236,30
92308,58
92324,63
92335,22
92346,12
92506,229
92677,86
92688,27
92704,79
92880,11
93012,1
93023,1
93221,5
93271,4
93277,18
93536,5
93552,11
93635,16
93640,1
93646,5
93662,7
93905,15
93921,1
94109,38
94510,10
94521,14
94539,1
94566,4
94577,1
94582,1
94703,1
95121,8
95348,2
95380,1
95409,1
95519,10
95540,19
95650,1
95695,1
95949,2
80021,27
80127,15
80138,26
80226,39
80237,5
80424,2
80550,1
80903,13
81008,69
81625,8
6830,3
6902,1
20010,252
19809,20
19940,3
32043,2
32054,10
32131,19
32137,100
32209,11
32225,12
32308,282
32324,1
32340,1
32610,22
32738,8
32765,67
32826,12
32837,72
32909,1
32952,15
33012,253
33062,40
33068,30
33073,41
33145,17
33156,24
33161,91
33167,7
33172,1
33183,32
33415,121
33426,70
33431,40
33437,136
33442,73
33487,15
33525,32
33541,17
33613,88
33624,8
33707,26
33712,20
33773,3
33872,13
33905,26
33971,2
34103,29
34109,37
34114,3
34202,10
34224,3
34240,4
34285,13
34429,37
34461,5
34472,5
34638,6
34654,11
34688,1
34715,6
34742,1
34787,26
34996,1
30004,30
30076,67
30087,29
30092,12
30103,1
30114,34
30180,23
30213,10
30263,7
30274,33
30290,10
30301,1
30312,17
30445,3
30461,1
30517,6
30528,3
30533,4
30643,7
30731,1
30809,34
30830,1
31029,3
31061,12
31095,1
31320,1
31331,1
31403,1
31513,4
31558,8
31601,2
31833,10
50208,1
50703,2
83404,3
60035,1
60046,8
60062,8
60073,2
60118,15
60134,3
60172,3
60426,10
60525,33
60559,92
60586,2
60602,5
60613,2
60647,24
61081,1
61114,1
61301,3
62034,2
62448,1
46011,2
46227,5
46254,4
46342,1
46540,3
46805,6
46970,4
47025,2
47102,2
47140,3
47201,2
47714,5
47725,2
66071,6
66226,12
66606,4
66739,1
67002,23
67211,3
40210,2
40509,22
40536,3
41042,12
41175,9
41224,10
41240,31
41301,8
41472,2
42029,1
70112,4
70123,3
70339,4
70454,2
70526,6
70542,1
70598,1
70647,1
70663,1
70719,56
70807,2
70818,3
71351,1
71369,1
71457,6
1581,1
1752,4
1801,5
1835,2
1950,3
2021,1
20639,5
20754,2
20770,124
20781,9
20837,1
20853,1
21001,14
21012,13
21084,2
21210,2
21228,60
21239,28
21244,6
21536,4
21613,35
21619,13
21635,6
21750,1
21784,14
21811,66
21921,102
48047,1
48328,4
48603,5
49032,1
55037,1
55125,1
55406,6
55422,8
63147,1
63361,1
63703,2
63775,1
63957,1
64116,14
64132,17
38947,1
38963,1
39216,3
39232,2
39403,7
39475,1
39563,3
39574,4
39601,8
59840,1
59923,16
27025,13
27030,117
27041,4
27102,1
27284,44
27356,2
27410,10
27455,14
27599,12
27824,1
27896,20
28127,1
28138,14
28170,1
28215,4
28226,23
28314,5
28341,15
28391,1
28402,2
28408,1
28458,5
28501,20
28557,78
28573,2
28584,19
28739,23
28771,4
28782,8
3102,2
3824,1
3885,2
7015,4
7026,12
7031,17
7042,54
7087,32
7109,79
7208,23
7307,21
7456,4
7505,1
7649,4
7726,35
7748,21
7753,107
7764,66
7825,1
7836,7
7852,2
7924,1
7940,2
8029,1
8056,1
8083,8
8110,6
8243,4
8270,3
8353,4
8540,49
8805,3
8810,8
8882,7
88063,2
89014,25
89030,15
89048,17
89102,11
89147,5
89703,39
10006,19
10017,72
10022,31
10033,49
10303,3
10314,17
10458,3
10463,5
10562,2
10573,1
10926,1
10992,2
11207,3
11218,14
11223,20
11229,27
11234,4
11245,2
11378,1
11416,6
11432,11
11520,33
11531,1
11565,5
11576,4
11691,5
11702,3
11713,2
11758,8
11763,11
11790,27
11801,14
11934,5
12010,2
12192,1
12203,39
12401,124
12446,1
12518,5
12534,4
12550,32
12561,25
12804,2
13118,1
13492,13
14004,1
14020,1
14225,1
14621,1
43004,1
43054,1
43081,29
43209,3
44106,1
44122,5
44266,2
44304,4
44320,3
44646,11
44707,1
44718,5
44833,3
44905,3
45042,1
45213,1
45219,19
45224,1
45323,5
45406,4
45505,5
45638,7
45764,2
45780,14
73018,1
73160,1
97013,3
97058,4
97470,15
97526,3
15090,15
15101,4
15229,3
15438,1
15697,1
18015,10
18020,9
18042,15
18103,6
18202,1
18301,35
18411,21
18445,4
18472,3
18643,1
18940,35
18969,6
18974,49
19018,3
19034,6
19050,3
19061,16
19072,11
19128,43
19133,13
19144,16
19320,38
19342,57
19403,52
19601,1
29114,1
29125,2
29301,43
29307,17
29483,9
29510,7
29555,2
29560,11
29566,71
29571,16
29582,7
29643,1
29649,1
29681,71
29841,2
29924,1
29935,2
37040,11
37062,2
37096,1
37217,5
37321,3
37377,3
37388,11
37404,19
37415,9
37701,6
37757,2
37917,25
38103,13
38225,4
38340,4
38351,2
38450,3
38506,8
38583,25
75020,43
75081,7
75087,10
75092,10
75103,2
75159,2
75180,1
75247,3
75418,3
76018,6
76023,2
76034,10
76106,19
76117,31
76133,35
76205,3
76430,2
76448,8
77003,26
77064,1
77080,4
77091,3
77345,2
77379,21
77406,1
77433,31
77478,157
77494,38
77505,63
77521,10
77532,1
77802,9
78006,37
78017,4
78220,25
78249,25
78380,18
78463,2
78501,95
78551,1
78596,25
78629,4
78722,4
78744,4
78832,3
79009,2
79119,1
79124,7
79410,8
79504,2
79763,6
79835,1
79934,13
84017,1
84116,6
84132,3
84341,1
20120,9
20165,3
20170,32
20176,42
22043,2
22153,2
22180,36
22407,27
22578,3
22655,7
22902,35
22936,3
22963,2
23111,73
23221,8
23354,7
23453,26
23464,23
23608,24
23669,7
23707,32
24136,1
24141,11
24368,5
24422,8
98002,10
98036,23
98052,7
98101,6
98146,2
98250,1
98405,9
98520,4
98812,1
99352,4
53211,1
24801,7
25309,55
25507,9
25550,4
25705,7
26206,2
26537,5
26719,3
26807,7
82070,6
35124,6
35180,4
35630,9
35801,111
35906,5
36066,32
36265,7
36352,2
36607,10
36695,9
36866,2
36921,5
71730,3
71762,3
72065,1
72113,10
72301,6
72543,20
72703,11
85012,46
85033,12
85040,30
85044,12
85204,32
85260,63
85344,3
85602,7
85623,3
85634,7
85710,108
85718,47
85735,7
85739,8
85746,32
85938,4
86432,3
90040,1
90048,29
90069,4
90211,25
90247,38
90630,21
90638,10
91006,81
91104,5
91205,52
91320,3
91324,12
91331,2
91352,3
91436,3
91607,2
91711,25
91722,3
91750,5
91754,38
91910,59
91914,6
91942,9
92014,1
92085,1
92101,24
92234,33
92262,436
92284,83
92405,13
92591,22
92604,63
92647,34
92675,24
92807,24
92835,15
92863,1
92867,2
93004,2
93015,3
93270,2
93274,52
93402,4
93612,7
93644,2
93720,29
93728,1
93940,24
94040,26
94107,9
94403,2
94526,27
94547,5
94558,13
94565,20
94597,186
94928,1
95020,17
95125,1
95240,1
95642,3
96007,3
96122,2
96150,2
96161,2
80003,2
80014,27
80126,5
80202,4
80230,47
80234,16
80241,2
80401,96
80433,2
80461,1
80517,2
80528,5
80643,1
80863,27
80911,15
80919,10
81019,5
81022,1
81050,8
81082,11
81601,8
6371,1
6762,3
6905,2
20020,29
19718,9
19801,15
19956,4
19967,11
32163,89
32174,280
32195,1
32211,5
32222,1
32250,24
32258,33
32351,16
32533,4
32565,1
32714,32
32725,55
32746,56
32757,13
32792,47
32796,20
32801,2
32809,8
32812,31
33020,31
33028,137
33056,4
33160,17
33175,108
33324,169
33331,76
33408,20
33436,96
33486,57
33534,1
33594,32
33607,122
33610,20
33618,40
33635,5
33711,55
33715,4
33761,88
33765,10
33782,18
33830,27
33838,9
33914,10
33981,1
34217,4
34476,7
34608,13
34748,31
34759,49
34950,57
34982,3
30009,18
30012,45
30040,65
30113,4
30135,9
30152,8
30260,18
30268,4
30296,9
30327,8
30344,20
30439,2
30442,1
30547,6
30602,1
30662,11
30753,1
30757,1
31006,1
31088,40
31313,6
31324,3
31639,1
31827,1
31830,3
31903,13
39845,1
50619,2
52403,27
52501,13
52801,2
83440,1
83716,7
60056,8
60067,3
60099,5
60160,14
60607,1
60610,7
60618,2
60657,4
61615,23
62033,1
62301,3
62441,13
62521,16
62959,18
46143,10
46202,17
46307,2
46534,1
46733,3
46975,2
46992,2
46996,2
47112,1
47172,12
47304,70
47546,1
47713,26
47905,5
66043,6
66047,7
66102,7
66214,10
66720,3
67062,8
67110,1
67215,4
67226,22
67550,1
40165,6
40202,14
40241,33
40353,23
40513,15
40517,6
41008,5
41102,1
41267,1
41311,1
42055,2
42103,4
70115,12
70122,3
70458,41
70584,1
70817,2
71064,2
71343,1
2467,5
20616,2
20637,1
20724,1
20879,3
20912,37
21044,59
21076,9
21128,67
21131,2
21204,111
21215,60
21236,56
21286,28
21403,5
21550,17
21617,24
21666,5
21742,6
21913,5
4073,1
48085,2
48150,1
48154,1
48182,1
48744,2
49036,3
55101,4
55416,3
63090,2
63110,46
63135,4
63139,2
63366,73
63801,1
64506,2
38614,17
38701,1
38834,5
38841,1
38862,1
39213,32
39440,4
39451,1
39654,4
59911,1
27050,1
27278,23
27514,30
27542,3
27546,8
27596,3
27601,3
27609,77
27713,11
27871,3
27944,1
27983,5
28037,25
28120,7
28208,5
28312,1
28334,16
28351,1
28467,25
28515,6
28554,1
28579,1
28638,6
28677,36
28694,5
28714,4
28721,10
28753,13
28801,34
3079,14
3106,2
3278,1
3868,1
7002,77
7023,4
7030,42
7059,18
7090,14
7107,4
7201,14
7205,6
7306,75
7421,1
7432,82
7481,5
7624,20
7652,29
7663,2
7747,16
7823,4
7840,56
7928,9
8003,31
8020,1
8028,6
8031,1
8070,21
8088,7
8104,5
8202,4
8230,13
8251,4
8314,2
8318,14
8534,60
8610,21
8618,19
8629,1
8733,16
8820,123
8852,1
8880,9
8904,6
89012,8
89107,1
89128,96
89139,3
89316,1
89403,2
89410,3
89431,17
89519,27
89801,15
89822,1
10026,2
10065,48
10301,12
10309,1
10312,5
10456,1
10532,21
10579,4
10804,1
10923,1
10962,1
10990,7
11023,20
11211,1
11215,4
11222,3
11226,16
11366,5
11377,1
11414,3
11501,32
11548,1
11729,2
11757,3
11796,8
11967,2
12020,4
12052,1
12212,1
12307,13
12443,1
12538,11
12549,1
12566,4
12852,2
13021,9
13057,13
13304,16
14301,1
14850,3
43015,16
43026,13
43123,16
43130,11
43162,1
43207,26
43235,5
43301,7
43724,4
44044,3
44055,8
44103,6
44131,2
44236,1
44254,1
44302,2
44446,6
44710,1
44805,8
45013,22
45157,4
45212,4
45244,14
45255,20
45320,6
45331,28
45415,6
45631,2
45750,1
45894,1
73103,1
73120,1
73131,3
73446,1
73533,1
73848,1
74129,1
74331,1
74432,1
74464,1
74834,3
97055,1
97128,18
97222,4
97501,20
15068,1
15210,1
15601,3
15905,2
16037,11
16602,5
17349,2
17572,1
17887,2
18014,2
18018,2
18321,1
18360,26
18426,3
18444,5
19004,24
19015,4
19043,2
19082,16
19116,31
19127,9
19130,6
19347,2
19406,31
19462,27
19473,4
19518,1
19605,1
2840,1
29059,2
29107,2
29135,3
29306,4
29334,1
29505,35
29526,80
29554,2
29565,1
29593,9
29602,4
29620,8
29680,7
29729,13
29801,66
29812,42
29928,6
57701,19
37043,31
37166,7
37187,1
37203,154
37214,1
37343,1
37347,18
37354,4
37365,2
37601,2
37756,3
37804,2
37821,1
37892,1
37909,19
37916,7
38069,2
38163,2
38260,2
38355,2
38478,1
75025,1
75057,15
75068,1
75109,2
75140,8
75217,11
75224,25
75228,5
75503,13
75570,3
75647,2
75702,6
75835,1
75901,18
75961,8
76015,67
76022,4
76033,30
76054,6
76065,2
76082,1
76180,28
76301,40
76424,5
77002,28
77023,3
77030,265
77034,34
77083,7
77090,41
77338,16
77414,16
77597,1
78003,2
78028,1
78212,233
78230,15
78251,156
78259,4
78363,18
78411,70
78566,4
78577,62
78653,7
78681,12
78705,15
78852,56
79068,4
79371,3
79706,1
79734,1
79762,1
79905,42
79922,1
84065,3
84097,4
84120,3
84124,14
84312,19
84770,5
20109,41
20169,13
20186,32
22124,1
22152,1
22191,60
22306,49
22554,42
22602,1
22630,4
22801,45
22812,2
23153,5
23175,4
23192,2
23320,204
23324,4
23436,5
23607,25
23838,1
23841,8
23866,2
23974,5
24014,2
24018,40
24256,10
24273,8
24277,2
24531,13
24588,7
98056,1
98121,12
98168,14
98404,3
98502,58
98590,1
98674,6
54913,1
24867,3
24870,6
24954,2
25015,2
25043,8
25054,6
25130,7
25301,37
25434,1
25560,10
25951,6
26330,11
26501,1
26757,2
82001,7
99603,4
99929,2
35023,1
35051,7
35058,55
35218,1
35235,31
35553,3
35570,2
35757,6
35768,31
36027,45
36049,2
36083,7
36117,17
36251,7
36509,3
36522,3
36544,7
36561,1
36802,1
36830,2
71603,7
71832,22
72058,9
72064,1
72086,3
72211,23
72521,1
72801,2
72923,1
72951,8
85016,26
85027,86
85050,15
85120,16
85123,2
85131,2
85281,15
85286,10
85302,38
85332,3
85337,2
85340,9
85375,35
85390,10
85392,54
85724,24
85745,88
86323,7
90001,2
90012,16
90023,15
90025,6
90026,5
90043,6
90047,1
90062,1
90065,2
90260,24
90602,40
90746,3
90808,32
91016,24
91106,29
91307,29
91335,4
91395,2
91403,9
91411,11
91506,29
91737,2
91767,184
92024,110
92029,7
92122,1
92251,2
92277,2
92307,147
92345,57
92392,21
92411,17
92415,2
92555,15
92563,53
92663,87
92706,16
92802,3
92806,12
93010,3
93227,17
93235,9
93249,1
93257,89
93280,7
93401,5
93428,1
93458,3
93611,2
93618,8
93637,13
93650,3
93654,7
93703,3
93706,7
93923,2
94110,24
94123,1
94304,25
94501,23
94519,8
94531,44
94536,1
94601,3
94609,100
95065,3
95119,2
95204,8
95501,20
95603,10
95758,1
95823,2
80027,9
80112,89
80136,8
80206,6
80228,55
80487,5
80751,1
80807,1
80918,13
80922,6
81004,49
81039,2
81054,8
81301,6
6493,1
6614,2
6810,4
20024,6
19703,4
19707,22
19711,22
19805,65
19933,3
19934,3
19970,19
19973,56
32034,21
32086,54
32128,1
32159,93
32178,1
32224,10
32246,10
32311,8
32312,13
32327,14
32333,6
32703,52
32720,107
32724,24
32779,30
33125,47
33136,137
33142,34
33147,11
33149,3
33180,176
33181,49
33186,50
33411,40
33463,10
33558,8
33566,19
33572,11
33606,105
33710,78
33813,29
33841,27
33852,11
33859,9
33908,115
33957,1
33980,2
34105,19
34116,10
34119,9
34201,2
34205,8
34223,35
34231,11
34288,3
34430,9
34471,115
34668,43
34758,4
34954,1
30033,72
30083,18
30094,17
30096,70
30097,30
30110,23
30117,72
30204,10
30305,1
30322,15
30553,1
30558,1
30648,1
30673,9
30730,1
31030,7
31063,1
31087,1
31091,2
31201,30
31204,2
31312,2
31522,4
31642,1
31792,7
31907,11
50010,1
50266,3
52242,1
52585,3
52732,8
83704,1
83705,2
60005,24
60031,17
60045,19
60131,1
60188,3
60202,22
60411,12
60435,73
60453,17
60501,10
60540,147
60555,1
60632,17
60827,1
61244,2
61832,2
62274,2
62948,13
46016,4
46052,1
46158,1
46373,1
46835,3
46929,1
47303,7
47591,3
47804,47
47842,18
47909,2
47959,2
66449,1
40006,6
40213,6
40324,22
40342,1
41011,1
41179,6
41653,10
41701,2
42071,5
42141,16
42261,3
42301,8
42445,5
42539,2
42749,1
70070,3
70121,2
70461,13
70506,11
70517,1
70722,3
70737,1
70776,1
70816,2
71068,1
71360,1
1605,4
1845,3
20601,13
20707,80
20737,18
20745,18
20751,9
20784,6
20871,2
21015,42
21030,13
21048,10
21114,23
21163,1
21208,60
21225,27
21620,28
21655,1
48034,2
48708,1
49221,1
49307,3
55041,2
63044,65
63077,2
63117,64
63383,14
63501,8
63645,7
64024,4
64030,2
64037,11
64055,14
64063,24
64150,3
65556,1
65559,2
65667,1
38646,1
38851,1
39350,1
39466,10
39520,1
39581,3
39730,2
39759,5
27105,2
27127,32
27203,55
27217,45
27253,21
27513,74
27518,166
27529,26
27530,32
27557,2
27804,3
27856,1
27892,1
27909,56
27929,1
27959,14
28001,30
28025,62
28043,5
28090,12
28203,6
28211,55
28366,6
28431,2
28451,7
28470,52
28504,7
28602,68
28613,14
28630,6
28687,1
28752,3
28777,7
28785,1
28791,17
28906,2
68128,1
3101,1
7006,7
7009,1
7017,6
7040,20
7047,24
7094,35
7110,53
7410,43
7417,6
7436,13
7438,2
7470,118
7501,5
7504,14
7512,4
7607,7
7645,8
7656,7
7722,13
7735,2
7801,38
7860,58
7866,10
7920,5
7931,2
8016,21
8052,22
8103,146
8108,20
8223,10
8234,305
8247,16
8330,21
8360,150
8520,13
8638,18
8721,18
8816,97
8824,12
8830,42
8835,7
8873,53
89029,1
89044,1
89113,10
89117,11
89120,2
89501,3
89503,91
10019,46
10032,34
10040,6
10075,13
10305,9
10461,61
10462,7
10466,3
10470,6
10504,1
10510,2
10604,1
10605,6
10901,15
10940,25
10983,4
10994,21
11040,28
11209,35
11413,1
11418,5
11561,10
11572,1
11704,3
11717,2
11735,5
11743,25
11756,2
11792,4
11952,5
12095,1
12122,1
12206,61
12407,2
12701,1
13053,3
13224,2
14221,7
14224,3
43074,2
43140,5
43147,3
43210,5
43213,23
43221,3
43452,7
43608,1
43612,1
43623,1
44060,3
44124,2
44130,2
44203,4
44410,6
44413,2
44505,4
44507,2
44907,5
45039,2
45067,3
45107,1
45121,1
45408,1
73009,4
73703,1
74104,4
74953,3
97103,9
97209,9
97913,3
15132,1
15220,5
15227,1
15301,1
15314,1
15473,5
15701,1
15825,1
16117,8
17044,1
17061,2
17527,1
18034,3
18052,2
18067,1
18105,1
18356,1
18370,1
18915,2
18954,46
19020,74
19036,7
19047,305
19064,51
19078,19
19102,69
19148,67
19151,4
19333,21
19372,6
19504,5
2860,1
2920,1
29006,1
29069,6
29229,8
29316,3
29403,9
29414,43
29420,1
29425,27
29436,2
29477,2
29501,77
29512,8
29540,13
29569,103
29581,4
29645,1
29651,6
29707,2
29827,5
37015,6
37130,8
37228,8
37331,10
37406,10
38117,7
38128,3
38301,1
38305,26
38343,2
38425,6
38570,6
75024,10
75042,24
75063,5
75080,44
75119,21
75150,85
75155,1
75201,22
75206,1
75220,6
75601,5
75845,5
75965,7
76009,5
76010,6
76011,12
76048,24
76053,3
76086,80
76102,7
76105,7
76401,1
77006,46
77008,23
77009,2
77040,44
77055,32
77094,43
77305,1
77327,7
77341,1
77380,68
77474,8
77488,2
77551,10
77640,6
77656,3
77662,3
77713,1
78052,5
78063,4
78209,68
78223,35
78226,66
78240,107
78245,1
78247,101
78405,159
78520,87
78580,15
78617,1
78664,1
78704,73
78721,1
78751,20
78758,37
78873,3
79336,6
79423,1
79904,4
84092,1
84107,9
84109,6
84604,14
20164,1
22075,10
22427,9
22553,3
23061,23
23114,176
23418,15
23435,101
23456,45
23508,1
23692,11
23805,76
23824,17
23890,9
23930,79
24013,11
24060,27
24266,36
24283,9
24370,8
24426,5
98055,50
98072,2
98104,131
98107,2
98115,9
98145,2
98233,10
98335,1
98506,11
98855,2
99114,1
24817,6
24986,1
25003,12
25186,1
25260,1
26351,3
26354,3
26362,19
26651,12
82414,4
82609,3
99676,3
99701,14
35117,2
35126,1
35210,3
35234,3
35243,23
35406,7
35640,7
36116,6
36201,5
36203,13
36271,6
36460,17
36582,2
36688,27
71663,2
72021,2
72112,2
72202,3
72207,3
72846,1
85018,72
85032,165
85035,1
85054,17
85085,2
85122,26
85173,2
85236,12
85249,5
85258,94
85351,48
85353,4
85533,1
85704,234
86001,37
86004,37
86040,2
86054,1
86320,3
86322,2
86327,10
90004,3
90034,2
90042,7
90221,1
90232,13
90241,103
90274,16
90278,4
90403,10
90605,9
90807,75
91011,2
91103,4
91201,2
91204,75
91210,1
91351,3
91356,7
91402,4
91709,28
91745,5
91786,75
92009,2
92040,8
92078,26
92105,3
92220,20
92231,3
92373,14
92410,9
92590,65
92627,31
92629,10
92646,76
92649,54
92801,293
93021,8
93036,2
93060,1
93291,57
93311,14
93610,9
93630,12
93648,6
93722,3
93726,2
93950,2
94122,19
94127,9
94513,49
94550,2
94591,1
94606,1
94608,12
95035,7
95138,1
95340,7
95404,7
95465,1
95521,30
95546,1
95548,1
95630,5
95736,2
95825,28
96067,7
96137,3
80007,1
80111,31
80122,53
80304,2
80439,22
80526,3
80538,12
80828,6
80910,95
81152,2
81323,1
81423,4
6492,5
6611,4
6824,3
20007,151
20018,9
19702,72
19808,124
19903,2
32110,1
32134,2
32204,32
32405,14
32425,1
32504,14
32547,8
32607,25
32686,3
32707,16
32789,7
32805,1
32811,5
32816,2
32920,3
32931,6
32955,16
32958,39
33014,66
33127,9
33166,9
33196,15
33309,31
33323,9
33326,118
33405,18
33413,7
33467,103
33484,148
33549,7
33605,6
33709,104
33897,3
33948,16
34135,22
34208,23
34222,2
34242,2
34293,44
34453,3
34470,9
34478,9
34613,38
34956,4
30022,11
30044,10
30102,1
30106,104
30141,35
30188,53
30215,11
30277,6
30294,1
30329,17
30341,12
30427,1
30474,4
30501,69
30512,37
30577,8
30606,100
31082,14
31402,6
31501,8
31598,5
50401,1
52245,4
52353,3
52544,4
83835,4
83837,3
60014,27
60061,3
60077,2
60108,54
60169,57
60473,2
60505,4
60527,25
60544,10
60612,57
60624,17
60628,22
60645,1
60653,11
60804,26
61071,1
61107,3
61614,13
61761,26
61764,1
62025,1
62411,7
62801,6
62896,6
46112,2
46206,1
46310,11
46580,7
46815,3
46845,11
46902,3
47432,2
47501,4
47716,1
47928,4
66104,2
66106,2
66203,3
66210,38
66762,11
67214,34
67337,1
40014,22
40207,211
40741,69
41314,1
42211,1
42629,2
70072,36
70084,1
70128,2
70359,1
70403,23
70422,1
70433,22
70586,5
70726,17
70767,3
70815,5
71029,1
71111,12
71270,1
71342,5
71483,4
1501,3
1545,1
1902,16
2061,2
20715,19
20769,24
20778,2
20832,117
21009,13
21037,18
21061,110
21102,2
21221,17
21285,3
21401,239
21409,1
21632,6
21703,22
21727,1
21738,3
21851,17
21918,1
48109,2
55108,1
63016,7
63112,1
63131,9
64015,1
64057,22
64836,8
65349,6
39110,12
39477,1
39501,24
39531,3
39577,3
39645,8
39702,2
59043,1
27052,5
27216,22
27320,2
27407,8
27511,60
27559,37
27605,1
27607,65
27810,9
27834,130
27855,1
27864,10
27870,39
28012,7
28023,14
28081,1
28173,1
28202,14
28214,9
28327,9
28349,6
28385,4
28472,9
28624,2
28635,7
28779,4
3054,2
7008,15
7022,9
7029,3
7044,22
7055,25
7066,20
7068,4
7083,55
7104,35
7112,37
7204,9
7305,35
7416,11
7419,8
7430,8
7474,2
7480,1
7503,27
7508,13
7601,100
7640,1
7734,3
7739,16
7849,14
7871,29
7876,19
7933,1
8030,6
8033,22
8035,39
8037,70
8054,79
8085,18
8096,55
8102,3
8310,4
8312,2
8505,33
8691,14
8742,19
8807,32
8812,9
8818,23
8865,42
8902,20
88011,31
88031,4
88240,2
89027,1
89131,3
89511,115
89828,1
10001,8
10012,2
10036,16
10549,8
10567,7
10707,33
11103,4
11220,33
11373,25
11411,2
11429,1
11435,3
11557,3
11794,11
11804,1
11933,3
12037,2
12051,8
12054,11
12209,6
12304,1
12428,1
12563,2
12590,11
12742,3
12828,1
13346,1
13350,11
13501,15
14150,3
43125,2
43204,18
43212,1
43348,1
43402,1
44004,2
44113,1
44306,11
44432,12
44484,4
44515,5
44632,3
44691,15
45069,32
45154,8
45229,3
45237,1
45243,1
45246,4
45248,2
45439,2
45449,4
45601,13
45660,4
45697,6
73013,8
73401,2
74401,4
74536,2
74743,1
97136,2
97219,3
97220,6
97225,1
97365,1
97459,18
15137,2
15202,3
15205,2
15235,16
15417,1
15437,2
15668,3
16601,5
17043,1
17356,1
17543,1
18017,11
18336,1
18403,1
18447,1
18505,10
18507,3
18705,2
18977,1
19003,6
19006,28
19008,38
19025,4
19053,30
19104,294
19112,6
19341,114
19344,8
19353,2
19363,5
19380,177
19382,17
19438,19
19468,58
2903,2
29009,1
29055,1
29341,9
29405,7
29485,23
29525,1
29550,12
29563,2
29585,23
29588,52
29615,43
29678,1
29732,61
37034,1
37067,17
37075,26
37379,1
37618,2
37743,2
37748,9
37814,3
37849,1
37912,1
37921,1
38079,3
38326,6
38474,7
38501,57
38574,1
75002,1
75062,7
75067,10
75071,84
75116,3
75227,3
75231,63
75251,5
75402,11
75935,2
75939,1
76017,39
76031,6
76036,6
76039,10
76104,527
76248,18
76444,2
76801,10
76901,2
77022,3
77025,487
77027,5
77029,4
77044,1
77077,10
77079,10
77304,107
77446,1
77449,14
77591,50
77833,4
78009,2
78044,73
78046,26
78102,20
78217,111
78222,134
78225,2
78258,164
78332,49
78415,31
78418,11
78526,122
78543,3
78676,1
78701,11
79107,3
79720,14
79925,42
84070,2
84102,10
84123,6
84651,3
84660,4
84765,2
20147,37
22079,23
22204,13
22480,1
22601,9
22712,3
22827,1
22835,1
22922,13
23005,35
23063,1
23223,88
23234,1
23236,33
23430,5
23434,50
23452,8
23505,43
23606,47
23662,1
23666,45
23860,80
24012,25
24017,20
24084,13
24211,7
24280,4
24282,1
24614,3
24631,3
98020,1
98031,20
98034,31
98346,2
98550,9
98557,7
98569,1
98632,12
98640,2
98841,1
98944,2
53092,4
53406,1
24740,172
25136,2
25387,1
25411,1
25601,4
26105,5
26208,12
26280,12
26452,12
26505,22
26582,5
26764,3
82501,3
82901,6
83002,1
99515,2
35020,1
35083,2
35121,2
35204,1
35207,3
35594,7
35601,7
35805,2
35811,1
35816,7
35951,1
35968,2
36108,1
36280,3
36451,2
36507,15
36536,1
36549,1
36567,4
36606,3
36619,6
36732,4
36869,1
71602,9
71655,1
71801,10
71909,1
72012,2
72396,2
72503,1
72740,1
85008,39
85017,1
85029,11
85138,1
85283,45
85301,9
85364,295
85541,12
85546,15
85742,11
85749,3
86023,3
86025,4
86305,81
86333,1
86409,53
90006,3
90063,1
90503,170
90623,22
90640,134
90805,110
91030,72
91105,285
91108,15
91208,36
91367,3
91423,5
91706,9
91739,1
91766,24
91950,23
92026,14
92028,35
92056,75
92071,7
92124,1
92127,1
92154,3
92254,4
92317,1
92504,4
92507,92
92571,7
92584,24
92595,28
92648,17
92708,174
92805,30
92844,40
92870,22
92879,84
92881,10
93101,1
93223,10
93245,2
93286,20
93405,8
93422,2
93455,12
93561,7
93609,2
93656,1
93702,1
93906,27
94024,4
94108,20
94538,3
94583,72
94598,243
94925,2
94941,1
94952,1
95062,3
95116,31
95129,5
95492,3
95608,12
95661,10
96084,9
96130,10
96145,1
80005,66
80026,26
80108,2
80113,100
80219,12
80222,17
80229,15
80236,5
80504,1
80524,14
80620,33
81621,1
81624,1
6470,1
6518,1
19701,27
19706,4
19709,51
19713,327
19810,65
19971,25
32011,2
32046,1
32081,6
32132,35
32177,39
32202,4
32206,2
32303,7
32344,10
32359,1
32501,22
32563,3
32619,10
32656,16
32701,27
32730,1
32771,51
32827,13
32832,3
32905,6
33004,19
33026,74
33034,10
33050,2
33054,15
33055,22
33063,147
33071,18
33139,25
33141,4
33144,78
33178,16
33301,17
33306,19
33308,231
33313,164
33328,24
33351,90
33410,130
33417,85
33432,19
33441,45
33445,50
33446,38
33511,250
33569,28
33574,1
33578,8
33603,28
33614,145
33634,4
33704,7
33764,6
33781,27
33815,1
33873,2
33907,69
33909,11
34113,8
34203,9
34233,19
34238,6
34420,57
34464,8
34491,8
34714,3
34736,3
34769,26
34788,16
34986,80
34994,37
30005,91
30024,36
30066,12
30120,29
30122,8
30228,4
30248,23
30253,31
30264,1
30307,1
30309,192
30363,5
30411,1
30415,8
30535,11
30538,1
30601,19
30642,42
30721,4
31024,15
31089,9
31206,3
31326,17
31404,32
31410,16
31548,3
31794,19
39823,4
51012,1
51640,3
51653,6
83651,5
83702,1
83709,9
83815,21
83854,39
60048,103
60068,18
60098,1
60174,2
60201,30
60434,1
60546,13
60603,1
60640,8
60941,1
61264,1
61265,5
61602,1
62040,14
62234,4
62901,100
62906,2
46217,1
46268,2
46350,5
46402,4
46404,3
46406,1
46701,1
46703,5
46725,2
46809,4
47167,5
47274,2
47558,3
47803,12
47834,5
66049,7
66061,6
66223,31
66614,1
67026,3
40065,5
40218,61
40245,2
40258,46
40374,3
40489,1
40743,1
41017,10
41824,1
42303,10
42431,4
42602,4
42765,4
70363,1
70380,26
70441,1
70544,7
70570,7
1583,2
1757,1
1844,9
2043,7
2540,8
2601,2
20603,16
20646,14
20688,12
20736,5
20748,9
20772,10
20794,1
20854,20
20878,35
20895,19
21031,4
21090,3
21133,11
21146,11
21157,57
21202,134
21224,76
21227,2
21791,1
21801,73
21817,8
21842,15
21901,9
49022,1
49418,3
55110,1
55344,1
63049,5
63106,1
63116,1
63119,37
63376,53
63437,4
63857,3
64068,16
64082,3
64086,2
64111,11
64114,3
64131,20
65001,5
65020,1
65026,1
65066,1
65109,6
65486,1
38901,21
39204,16
39564,40
59632,1
59803,1
27017,1
27023,16
27103,527
27107,10
27263,2
27301,1
27310,3
27317,3
27331,1
27377,1
27401,10
27534,49
27560,12
27573,30
27587,32
27886,6
27932,4
28034,2
28054,29
28112,45
28115,2
28216,6
28223,1
28305,5
28340,8
28365,32
28403,24
28466,13
28590,2
28705,3
28716,6
68601,11
3087,10
3103,1
3104,2
3301,1
7005,11
7019,1
7046,7
7050,5
7088,13
7206,2
7302,19
7435,1
7457,5
7628,9
7660,5
7717,15
7751,3
7821,6
7850,10
7857,2
7930,26
7950,10
7962,20
8015,12
8046,60
8065,1
8071,9
8075,11
8204,17
8225,77
8332,27
8350,5
8402,20
8406,35
8530,6
8560,1
8701,133
8754,5
8836,8
87532,11
87553,2
89106,33
89119,29
89451,5
89502,80
89557,7
89701,53
10023,9
10035,2
10038,20
10282,2
10453,7
10460,5
10468,6
10472,1
10512,9
10514,1
10528,5
10709,3
10977,12
11050,2
11106,1
11203,5
11206,1
11217,12
11236,17
11355,90
11422,1
11566,9
11580,6
11731,3
11738,2
11746,11
11751,3
11764,2
11767,12
11772,18
11777,35
12056,1
12159,21
12182,3
12471,2
12524,24
12569,1
12581,3
12754,2
12801,5
13329,2
14220,1
43044,1
43055,13
43085,6
43138,19
43146,7
43206,1
43224,9
43231,17
43701,10
43764,6
43950,1
44115,3
44311,10
44502,4
44705,2
44708,6
44820,1
45036,25
45140,12
45177,21
45204,2
45230,4
45241,3
45267,1
45315,4
45344,1
45371,1
45424,10
45504,2
73759,10
74131,1
97005,9
97147,7
97206,4
97623,2
97701,1
97756,3
15102,15
15139,2
15209,1
15217,3
15222,4
15224,9
15238,3
15338,14
15349,9
15626,1
17055,1
17361,3
17557,2
17603,1
18102,1
18229,2
18347,1
18372,2
18512,10
18518,1
18917,7
18923,10
18942,3
19027,20
19123,12
19125,10
19131,8
19134,36
19147,15
19335,14
19444,11
29115,15
29122,10
29138,1
29204,54
29206,1
29302,23
29424,1
29455,6
29520,3
29572,26
29575,8
29626,1
29650,45
29653,2
29706,1
29709,5
29846,3
37055,9
37172,14
37207,27
37209,3
37311,13
37410,5
37412,2
37419,1
37604,8
37752,2
37760,2
37772,9
37830,12
37863,5
37914,1
37920,46
37923,6
37934,16
37996,1
38024,2
38063,5
38133,7
38237,6
38357,2
38372,11
38485,4
75009,1
75028,15
75040,4
75048,1
75069,65
75074,9
75082,45
75110,1
75125,1
75149,32
75154,1
75165,11
75208,43
76014,63
76040,18
76051,25
76107,9
76234,29
76692,4
76825,3
76859,1
76903,19
77005,25
77007,22
77012,2
77060,4
77354,6
77381,55
77386,6
77389,3
77479,98
77506,3
77520,1
77704,1
77905,1
78069,1
78114,87
78130,109
78219,3
78229,329
78237,14
78355,6
78404,283
78552,2
78572,58
78589,1
78593,7
78613,4
78628,31
78633,14
78723,4
78741,16
78840,60
79072,2
79109,8
79510,6
79903,1
84020,14
84074,13
84104,4
84106,1
84117,8
84403,3
84784,1
20118,2
20155,34
20167,3
22003,56
22044,26
22151,3
22207,2
22304,48
22311,9
22448,5
22482,19
22485,1
22908,7
22942,2
22960,8
23055,4
23060,23
23086,6
23113,18
23116,162
23185,31
23220,72
23417,4
23451,82
23507,62
23703,33
23821,1
23847,6
24248,2
24314,15
24401,8
24656,5
820,11
98005,2
98109,2
98118,29
98125,36
98144,1
98204,8
98902,1
54601,7
24701,154
24836,10
24910,3
25508,4
25701,3
25882,1
26102,1
26201,8
26292,6
26426,5
26525,3
26554,34
26814,4
35007,12
35474,5
35501,4
35555,4
35603,8
35645,5
35758,22
35802,8
36106,57
36350,1
36571,13
36603,6
36867,10
71635,2
71744,1
72023,3
72143,10
72223,9
72324,2
72360,1
72901,2
85013,117
85015,92
85022,6
85037,91
85203,24
85206,196
85208,1
85296,70
85323,33
85331,6
85365,4
85369,4
85374,70
85395,88
85396,2
85607,36
85643,5
85711,34
85755,21
85935,1
85937,8
86442,77
90007,3
90011,2
90013,8
90017,50
90020,14
90029,8
90033,135
90041,2
90046,4
90049,1
90230,5
90240,26
90266,12
90303,1
90621,16
90670,3
90731,10
90810,1
90814,6
91010,9
91203,13
91306,1
91405,25
91406,3
91702,27
91723,120
91732,5
91770,2
91780,37
92021,3
92058,3
92108,7
92130,7
92274,19
92336,3
92404,70
92501,6
92592,53
92653,227
92701,46
92804,34
92808,6
92868,96
93230,30
93240,11
93247,11
93446,3
93449,2
93535,1
93631,1
93673,2
93721,12
93926,4
94105,9
94402,5
94506,10
94546,28
94559,2
94588,24
94621,1
94806,26
95014,5
95111,1
95120,7
95472,3
95815,1
95945,3
96002,32
80011,24
80012,98
80015,2
80104,32
80129,51
80130,1
80205,34
80227,7
80233,30
80238,6
80246,18
80443,13
80535,1
80808,1
80904,2
80917,18
80924,16
81003,96
81007,7
81215,1
81324,4
81422,16
6032,1
6516,1
6705,1
20019,25
20037,333
19734,1
19952,3
32025,3
32055,8
32221,3
32226,4
32503,34
32566,5
32570,6
32626,4
32696,8
32726,27
32751,38
32807,49
32808,25
32953,11
32976,4
33009,198
33013,80
33016,91
33021,225
33065,174
33130,6
33146,8
33157,85
33165,74
33194,2
33304,20
33334,101
33542,132
33544,44
33625,29
33767,2
33870,52
33884,10
33912,104
33990,23
34102,75
34108,21
34134,8
34219,18
34221,32
34243,1
34473,2
34474,61
34655,35
34684,80
34689,18
34997,26
30016,3
30019,20
30041,99
30052,25
30060,123
30067,10
30071,9
30078,78
30080,16
30082,7
30093,8
30108,8
30127,3
30238,1
30281,118
30311,7
30318,32
30328,43
30342,240
30457,1
30527,1
30622,42
30628,2
30750,3
30828,2
31036,2
31047,1
31055,3
31069,17
31217,13
31701,12
31808,1
31901,64
52241,1
52722,2
52761,3
83646,1
83713,12
60047,1
60101,17
60120,4
60410,1
60416,1
60429,1
60521,29
60560,1
60614,4
60616,2
60620,8
60622,78
60661,1
60706,4
61705,1
61920,2
62062,20
62258,16
62881,6
46032,6
46041,1
46044,4
46107,1
46229,1
46237,21
46239,2
46901,18
46923,4
47117,2
47130,37
47302,7
47348,1
47396,2
47512,1
47872,8
47876,2
47904,12
47978,1
66112,17
66209,50
66441,3
66503,2
66713,6
67037,9
67156,1
67212,12
67410,1
67502,1
40031,31
40033,2
40059,11
40108,2
40143,2
40403,5
40422,6
40484,25
40511,3
40729,10
41002,1
41051,1
41844,1
42001,81
42003,57
42031,4
42164,7
42327,1
42372,1
42411,1
70079,3
70114,13
70127,5
70131,1
70460,7
70462,1
70518,1
70538,4
70601,6
70653,1
70764,5
70806,43
71055,2
71284,1
1450,1
1841,3
2035,1
2115,3
2130,1
2452,4
20613,5
20653,1
20710,4
20814,70
20910,187
21014,80
21117,23
21158,3
21162,2
21211,44
21213,6
21229,72
21287,67
21702,127
21798,1
21915,1
48329,7
48532,2
48823,13
49546,8
55305,2
55369,20
63010,10
63020,2
63043,19
63050,4
63123,1
63304,46
63701,1
63755,1
64012,20
64130,18
64456,1
65051,2
65584,1
38878,1
39157,2
39180,9
39206,2
39302,1
39429,2
39503,8
39560,1
39565,2
39571,1
39762,1
27051,11
27157,2
27215,98
27282,3
27312,9
27510,92
27517,3
27520,51
27602,1
27801,13
27805,10
27915,4
28117,87
28150,22
28160,6
28227,13
28425,13
28580,9
28636,1
28659,71
28681,12
28711,5
28754,14
3077,1
3809,1
7003,34
7060,4
7070,12
7111,8
7310,3
7403,2
7420,8
7650,7
7661,2
7701,61
7712,53
7754,11
7826,6
7828,8
7922,106
7932,31
7936,8
7980,2
8057,70
8080,173
8098,8
8107,1
8240,3
8244,108
8628,29
8723,79
8758,1
8840,23
8853,9
8869,55
8901,106
87102,3
87701,3
87901,4
88001,3
89103,17
89122,2
89144,39
89169,14
89183,2
89415,1
89429,2
89448,1
10024,12
10034,27
10451,9
10473,5
10583,2
10591,7
10598,9
10705,1
10963,1
10989,4
11021,37
11208,4
11219,14
11238,13
11412,3
11427,6
11433,1
11550,2
11701,2
11705,4
11733,94
11803,10
11944,5
11946,2
12078,2
12148,3
12193,1
12205,32
12207,1
12208,29
12306,2
12449,4
12477,13
12480,3
12564,5
12719,2
13088,5
14304,1
43064,1
43082,30
43160,10
43219,18
43311,7
43566,1
43606,1
43812,2
44132,1
44195,7
44730,1
45011,24
45040,4
45044,10
45142,1
45324,1
45651,8
45723,9
45880,1
73104,3
74403,1
97030,1
97210,1
97227,8
97304,4
97471,4
15012,4
15086,1
15136,12
15143,11
15359,6
16105,16
16226,1
16686,1
18040,1
18055,1
18072,2
18104,14
18210,1
18431,3
18519,4
18951,36
19001,18
19044,11
19055,15
19056,24
19096,70
19121,6
19145,22
19154,8
19446,59
19454,2
19474,5
29061,3
29108,7
29142,4
29150,30
29223,12
29360,24
29385,3
29482,1
29583,14
29609,4
29640,25
29730,6
29817,7
29936,21
29941,3
37042,10
37091,12
37167,30
37215,1
37363,1
37398,1
37421,24
37620,5
37692,3
37721,1
37763,2
37813,3
37915,1
37919,8
38052,5
38053,5
38060,1
38080,2
38108,1
38109,7
38116,1
38555,42
75001,2
75006,28
75007,5
75010,19
75032,39
75035,40
75090,22
75093,75
75098,6
75146,2
75160,3
75203,54
75211,13
75219,22
75243,20
75482,12
75559,1
75703,16
76115,3
76116,7
76118,1
76240,2
77020,18
77043,1
77063,18
77067,9
77074,86
77093,8
77225,1
77340,36
77346,2
77450,61
77465,1
77502,3
77564,1
77856,5
77859,4
78043,24
78118,2
78163,13
78224,162
78413,3
78586,8
78602,3
78654,8
78666,30
78724,4
78734,3
79403,8
79404,9
79703,9
79735,3
84010,11
84045,13
84047,4
84057,4
84332,20
84601,9
20105,1
20166,1
22102,2
22309,9
22312,1
22408,45
22443,1
23009,2
23059,31
23112,173
23301,2
23310,1
23336,2
23454,87
23504,1
23518,42
23601,34
23922,8
23927,1
24260,7
24330,1
24333,6
24352,13
24592,5
24651,9
98003,21
98011,22
98057,11
98103,19
98105,3
98155,9
98901,4
53215,3
53545,1
24963,13
24991,5
25070,7
25304,71
25840,13
26104,1
26224,1
26287,3
26410,2
26847,1
26851,2
82601,13
35044,10
35085,11
35125,2
35206,1
35653,3
35765,1
35960,1
36064,6
36301,74
36360,1
36467,4
36587,1
72015,7
72106,2
72150,2
72205,49
72501,28
72701,2
72741,9
72758,4
72764,24
85006,85
85034,71
85048,32
85233,5
85251,65
85259,8
85304,28
85381,87
85624,3
85635,38
85705,27
85713,46
85925,7
85936,1
86301,67
90015,159
90018,9
90022,12
90201,9
90272,3
90277,313
90292,14
90501,48
90631,18
90650,13
90701,4
90706,8
90744,8
90802,15
90803,2
91362,1
91401,6
91744,4
91790,77
92093,2
92117,9
92120,20
92121,22
92128,108
92203,83
92240,50
92395,266
92508,5
92545,7
92553,34
92651,8
92831,1
92882,32
93030,22
93420,4
93638,22
93933,2
94025,1
94085,1
94143,36
94158,5
94517,2
94563,50
94595,34
94704,78
94706,6
94709,7
94904,15
95010,1
95019,4
95112,6
95122,2
95124,141
95134,8
95401,2
95448,3
95817,2
96093,1
80023,10
80031,62
80045,7
80124,86
80207,2
80249,8
80260,18
80301,1
80516,1
80634,1
80907,17
81120,3
81140,2
6512,3
6820,4
20001,62
19904,136
19947,34
19963,70
32063,2
32080,15
32095,5
32112,42
32129,59
32136,2
32145,2
32169,27
32223,11
32256,100
32266,1
32301,3
32322,3
32404,1
32424,10
32456,1
32571,7
32578,12
32605,13
32606,4
32713,14
32803,37
32810,12
32940,21
32966,4
33024,219
33030,89
33032,3
33064,45
33138,55
33155,99
33168,13
33174,10
33310,2
33315,3
33319,22
33325,1
33435,44
33460,3
33462,56
33540,16
33547,3
33626,32
33755,13
33774,8
33801,12
33803,83
33825,12
33836,1
33844,45
33853,41
33913,5
33935,4
34234,1
34477,2
34637,5
34667,66
34685,1
34743,12
34785,1
30014,42
30068,15
30157,17
30214,86
30233,7
30286,19
30303,1
30313,1
30339,13
30513,10
30525,13
30529,14
30542,7
30549,1
30572,4
30813,5
30904,13
31021,8
31064,1
31401,13
31816,7
31902,31
31909,24
52804,7
83607,3
83703,16
60004,37
60021,1
60033,2
60050,2
60074,1
60089,14
60103,4
60133,5
60137,43
60406,5
60432,5
60563,41
60609,7
60611,33
60625,57
61401,2
61415,4
61480,2
62201,1
62220,16
62260,1
62263,2
62269,2
62321,4
62454,1
62884,7
62946,1
46068,2
46173,5
46176,5
46184,1
46222,4
46383,11
46539,2
46555,2
46619,3
46774,1
46814,1
47150,14
47401,1
47452,1
47918,1
64130,2
66219,4
66615,8
66725,2
67203,2
67530,11
40069,8
40214,11
40215,58
40456,1
40601,53
40906,13
40962,10
41649,1
42104,39
42276,4
42378,1
70117,4
70119,75
70301,23
70445,1
70520,7
70525,1
70549,1
70714,9
70754,2
70757,2
70775,3
71001,2
71082,1
1532,1
1810,3
1830,1
1831,2
1949,6
2459,1
20714,1
20721,34
20722,11
20817,79
20903,7
21017,1
21029,2
21043,23
21222,55
21231,18
21502,39
21643,1
21793,1
21863,3
4240,1
48103,1
48237,1
48327,2
55423,1
63011,12
63031,15
63367,78
64489,2
64772,5
65038,3
65075,1
65236,1
65275,1
65355,2
65721,9
38663,1
38751,1
38801,3
38821,7
39046,7
39150,3
39301,3
39425,10
39576,1
39705,4
27040,6
27213,2
27295,7
27302,10
27323,6
27341,5
27408,11
27502,19
27519,4
27569,3
27614,21
27807,1
27893,33
27949,8
28041,3
28079,5
28092,9
28139,6
28147,17
28273,15
28352,22
28353,1
28384,4
28444,2
28454,5
28459,2
28461,18
28540,2
28607,44
28621,23
28640,13
28642,5
28655,4
28734,11
28802,41
68826,2
68847,1
3031,2
3833,3
3878,26
7024,21
7033,1
7036,47
7057,6
7093,35
7101,14
7102,70
7203,1
7506,9
7621,7
7666,28
7755,60
7762,2
7901,24
8002,27
8005,16
8068,21
8087,33
8094,35
8210,108
8215,7
8242,5
8322,1
8341,1
8501,2
8535,16
8536,25
8609,13
8619,112
8731,85
8736,46
8823,1
8827,5
8850,2
8859,12
8872,3
88008,2
88029,4
88030,1
88252,1
89031,2
89074,74
89101,2
89434,4
89436,22
89705,2
89706,18
10021,40
10027,22
10128,22
10302,14
10306,23
10552,3
10566,5
10601,8
10918,38
10924,20
10950,29
10960,25
10993,7
11003,3
11004,1
11201,25
11354,133
11385,15
11598,2
11786,4
11788,9
12019,2
12027,4
12303,4
12540,1
12866,18
12983,5
13309,2
13323,2
13753,2
43025,1
43040,12
43068,5
43076,4
43103,3
43201,2
43202,1
43203,1
43223,9
43228,14
43469,1
43945,5
44035,6
44105,2
44118,4
44622,2
44654,1
44663,26
44780,1
44830,4
45014,24
45066,13
45167,6
45207,10
45231,5
45431,15
45669,1
45680,4
45693,1
45805,9
74107,7
74127,19
74135,1
74937,1
97070,1
97202,3
97214,3
97367,1
97401,1
97502,2
97538,1
10150,1
15009,1
15044,3
15122,4
16046,2
16502,2
18036,1
18235,3
18337,6
18436,1
18466,3
18510,21
18641,3
18925,3
18929,14
18960,57
19046,94
19067,111
19073,31
19076,1
19101,3
19137,2
19146,7
19150,4
19152,61
19442,1
19460,40
19610,6
29058,1
29075,4
29078,7
29116,1
29169,13
29212,4
29304,1
29407,19
29449,5
29466,8
29506,165
29511,7
29536,5
29579,19
29655,1
37027,10
37064,3
37072,9
37083,1
37146,4
37303,2
37403,73
37774,6
37801,2
37857,3
37865,3
38104,5
38120,27
38134,22
38375,6
38585,3
75052,5
75056,5
75182,12
75204,22
75214,11
75226,6
75248,1
75401,14
75403,6
75442,13
75501,7
75833,1
76021,28
76137,18
76244,16
76262,1
76849,1
77024,80
77057,109
77065,88
77095,4
77096,104
77375,37
77429,21
77461,3
77535,9
77581,9
77598,98
77642,32
77845,5
78026,4
78064,58
78109,4
78205,45
78207,48
78216,80
78260,1
78361,13
78410,51
78504,15
78521,12
78574,5
78611,2
78731,45
78735,3
78745,11
79022,1
79606,7
79772,1
79901,13
79936,218
84043,10
84088,13
84098,7
20190,45
22026,6
22041,8
22181,2
22202,1
22206,2
22405,1
22435,3
22802,2
22903,12
23071,3
23123,4
23231,24
23237,5
23294,75
23321,67
23510,145
23831,127
23832,6
23834,133
23885,18
24055,2
24171,6
24210,21
24236,19
24522,10
24523,7
24540,16
24590,2
24605,36
24609,2
98026,12
98037,1
98087,1
98148,4
98225,3
98226,2
98277,15
98444,1
98516,1
98612,10
98813,1
24874,9
24901,40
24983,5
25177,6
25526,19
25530,1
25702,1
25801,144
25832,10
25901,5
26234,7
26250,21
26378,2
99503,9
99669,6
35173,1
35223,2
35476,2
35563,2
35620,1
35661,3
35806,20
35907,1
35989,2
36037,6
36067,8
36081,18
36266,4
36272,2
36477,2
36541,6
36542,20
36545,6
36608,41
36609,3
36801,8
36904,8
71671,1
71923,3
71953,5
72010,7
72032,2
72034,16
72117,16
72401,5
72761,4
85003,11
85028,49
85132,5
85137,5
85205,22
85213,2
85248,37
85324,2
85377,1
85621,28
85631,1
85933,1
86046,17
86303,2
86326,67
86403,99
90003,1
90028,15
90031,1
90044,4
90249,2
90255,46
90270,4
90304,6
90712,77
90720,150
90755,4
90806,151
91101,14
91350,1
91360,10
91505,17
91710,56
91741,76
92008,44
92075,13
92118,12
92119,1
92129,2
92131,7
92223,4
92227,1
92301,4
92311,49
92401,10
92509,33
92544,122
92582,1
92612,2
92626,18
92660,28
92673,52
92780,31
92782,3
92833,2
92869,5
93003,2
93105,1
93219,2
93307,1
93308,9
93312,21
93465,9
93534,153
93551,21
94028,2
94103,2
94132,21
94303,3
94520,174
94549,56
94605,1
94954,2
95008,14
95037,12
95050,8
95123,13
95351,1
95355,2
95382,4
95531,24
80002,23
80103,2
80120,73
80134,28
80204,4
80220,97
80403,1
81001,32
81005,4
81125,3
6460,1
6519,3
6851,3
20008,13
20016,77
19803,67
32066,2
32127,205
32207,42
32257,18
32514,20
32541,3
32817,15
32820,2
32821,3
32828,15
32968,1
32978,3
33015,56
33027,116
33126,18
33154,2
33176,173
33177,20
33317,150
33322,64
33406,94
33418,4
33440,14
33449,24
33469,7
33470,57
33483,12
33510,12
33615,65
33703,1
33716,10
33763,1
33770,58
33823,2
33834,7
33901,21
33916,2
33938,2
33952,76
34145,4
34207,6
34237,3
34266,1
34442,4
34452,23
34465,44
34639,39
34698,95
34949,1
30021,8
30047,17
30125,2
30144,30
30165,24
30177,1
30224,21
30324,10
30345,1
30349,6
30518,17
30546,6
30576,1
30620,3
30624,2
30901,6
30912,1
31031,5
31040,2
31407,1
31525,2
31539,1
31545,46
31602,13
31803,2
31815,1
31904,103
31908,3
50309,1
52632,3
83201,30
83301,1
83843,4
83864,9
60064,2
60085,25
60102,3
60181,3
60185,13
60190,26
60193,16
60440,3
60462,3
60617,31
60634,9
60659,6
60803,1
62243,7
62294,3
62442,5
62522,8
62895,3
46122,2
46219,1
46567,7
46635,1
46714,1
46804,40
47305,13
47403,3
47454,1
47710,1
47715,11
47841,20
47848,1
47879,2
66213,28
66227,6
67010,5
67042,4
67357,1
40004,8
40146,5
40243,49
40299,29
40347,7
40351,27
40361,2
40383,24
41144,2
41189,1
41230,17
41503,12
41522,8
41858,9
42038,1
42101,11
42503,29
42544,3
42728,28
70005,2
70065,36
70094,4
70501,8
70546,7
70592,9
70605,3
70616,5
70711,2
70809,44
71107,3
71334,2
1201,1
1240,2
1608,69
2421,16
2645,1
20622,46
20723,20
20742,3
20866,1
20876,22
20877,40
20904,82
21035,1
21042,42
21206,1
21209,37
21234,78
21235,1
21237,163
21531,3
21601,89
21663,3
21755,2
21853,8
4401,1
48183,5
48334,2
48439,1
49068,2
49770,1
55104,1
55337,5
55408,1
55435,27
63033,5
63042,3
63045,1
63101,1
63127,13
63128,54
63144,1
63445,2
63640,2
64014,3
64804,14
65065,12
65340,2
65802,3
38655,13
38671,17
39120,4
39168,2
39175,1
39479,2
39701,11
59601,3
27012,50
27045,2
27055,12
27313,2
27360,66
27406,3
27409,2
27521,4
27549,6
27613,10
27695,2
27822,3
27889,26
28007,1
28024,1
28036,4
28083,4
28097,14
28110,29
28210,56
28269,1
28301,2
28337,3
28339,6
28436,2
28654,2
28675,4
28697,14
28743,2
28805,7
28904,4
68130,2
3053,1
3110,4
7043,3
7081,28
7304,29
7450,40
7644,4
7662,8
7677,1
7746,10
7803,11
7856,3
7869,35
7977,4
8009,17
8021,13
8026,3
8053,106
8062,14
8069,8
8077,17
8079,13
8086,4
8105,15
8106,5
8109,6
8221,52
8224,2
8327,1
8361,3
8550,5
8690,80
8734,12
8817,25
8848,5
8861,64
8879,2
87505,2
88310,2
89052,86
89104,7
89130,16
10002,23
10007,3
10013,255
10018,1
10028,26
10304,8
10308,4
10530,2
10589,6
10704,7
10970,24
10980,4
11030,7
11242,1
11510,5
11553,11
11693,2
11722,1
11769,1
11776,55
11791,7
11798,2
11940,1
11949,6
11953,2
11968,4
12043,12
12083,1
12184,1
12189,4
12498,9
12533,20
12603,15
13045,1
13212,2
13214,2
13365,3
13413,54
13480,1
43016,14
43017,9
43023,22
43143,1
43220,8
43222,24
43302,7
43551,1
44053,4
44112,1
44512,29
44720,23
44827,2
45245,3
73115,1
74437,2
74745,1
97031,5
97045,4
97374,1
97417,4
97914,4
15131,2
15213,13
15275,1
15501,1
16066,15
17067,1
18045,16
18062,1
18091,1
18407,7
18427,11
18901,95
18912,11
18914,38
19002,12
19012,1
19065,3
19135,21
19140,82
19142,1
19149,41
19312,3
19348,53
19390,25
19405,1
29010,5
29063,21
29129,2
29161,11
29203,67
29356,2
29440,19
29479,2
29502,7
29527,18
29570,4
29577,31
29601,32
29604,23
29611,9
29621,30
29918,1
57702,2
37029,1
37030,5
37058,10
37066,22
37090,1
37186,3
37232,6
37405,4
37924,1
37931,6
38002,1
38018,3
38019,5
38105,3
38118,6
38131,1
38261,29
38401,103
75019,15
75023,5
75039,11
75043,5
75051,4
75061,11
75104,20
75115,19
75142,12
75238,1
75246,41
75409,1
75602,6
75964,2
76016,8
76020,4
76067,10
76148,3
76247,1
76426,7
76443,6
77014,187
77021,7
77031,2
77071,4
77084,22
77087,13
77316,1
77372,5
77373,3
77441,2
77469,16
77498,13
77573,6
77578,1
77619,1
77627,12
77630,37
77651,3
77705,12
77707,2
78061,10
78213,16
78214,45
78235,137
78537,1
78542,2
78756,7
79007,5
79415,12
84067,5
84095,6
84111,8
84112,4
84401,12
84663,4
84741,1
84790,18
20110,129
20116,1
20136,10
20151,24
20160,1
22046,19
22192,87
22201,18
22432,1
22901,13
23072,4
23109,5
23141,1
23222,14
23224,17
23229,198
23284,4
23337,1
23455,38
23462,106
23503,2
23803,18
23851,3
23923,9
24083,4
24201,17
24319,20
24354,6
24477,1
24501,29
24572,22
98006,4
98012,3
98021,41
98027,2
98040,1
98117,3
98122,33
98201,14
98257,1
98273,16
98274,36
98282,4
98366,12
98387,1
98626,8
98682,1
53005,1
53151,1
53188,2
53226,2
24944,4
24946,1
25045,1
25276,5
25302,6
25303,32
25311,13
25401,1
25446,1
25621,1
25628,1
25635,3
26175,1
26270,5
26601,8
26763,1
26801,9
82930,1
99504,2
99508,58
99654,14
35019,1
35055,9
35127,2
35146,2
35244,6
35773,2
35901,23
35950,1
36111,16
36207,59
36250,3
36304,2
36330,10
36375,3
36604,55
36784,2
71643,1
71854,11
72101,7
72131,1
72168,1
72745,4
72765,1
85020,71
85024,11
85053,17
85225,25
85226,11
85253,4
85254,74
85298,1
85326,17
85335,4
85345,1
85350,34
85501,8
85540,3
85610,2
85629,27
85714,17
85730,4
85750,1
86304,1
86337,4
90036,13
90095,16
90212,3
90220,8
90502,1
90620,9
90703,8
90717,9
90740,48
91322,2
91342,6
91343,1
91345,143
91504,15
91730,81
91752,3
91763,24
91789,3
91801,78
91803,9
91911,11
92011,6
92064,33
92115,7
92123,31
92201,152
92211,54
92532,11
92614,6
92707,5
92866,10
93033,3
93110,1
93256,9
93436,6
94010,22
94102,12
94117,22
94118,51
94404,2
94507,60
94523,162
94541,8
94578,19
94587,1
94607,4
94939,4
95023,1
95030,3
95051,1
95076,2
95117,3
95350,7
95407,1
95536,9
95677,3
95819,2
95926,2
95973,1
80004,8
80020,47
80033,107
80107,7
80110,47
80116,1
80117,2
80121,4
80128,9
80211,14
80214,5
80501,40
80525,5
80817,3
81063,1
81212,6
81226,1
81650,4
6477,3
6484,2
20009,109
20017,91
19720,14
19806,26
19807,12
19899,22
19943,1
19958,74
19975,15
32008,11
32092,2
32148,6
32216,69
32217,12
32304,2
32413,1
32548,5
32643,1
32819,135
32822,50
32904,17
32907,8
32937,12
33040,18
33070,1
33122,3
33162,207
33179,18
33182,2
33190,5
33305,10
33311,26
33321,138
33403,1
33414,48
33543,6
33567,17
33592,6
33612,57
33617,52
33619,3
33647,17
33759,2
33772,12
33776,1
33805,65
33812,53
33843,2
33881,71
33991,7
34446,16
34481,51
34610,2
34653,39
34669,8
34711,79
34741,187
34746,7
34947,7
34972,23
30013,18
30038,7
30039,17
30043,32
30045,81
30058,24
30062,18
30075,11
30176,11
30178,3
30269,24
30297,19
30308,172
30310,29
30458,59
30607,5
30650,2
30817,6
31014,4
31092,2
31211,7
31322,23
31405,100
31533,7
31537,3
31714,1
31768,1
50171,4
52627,1
52803,12
60010,11
60016,23
60177,1
60194,2
60301,2
60302,4
60504,38
60515,89
60558,23
60623,44
60630,5
60637,2
60915,2
60970,1
61820,8
62024,1
62207,3
62966,1
46012,1
46250,2
46304,6
46410,9
46750,2
46825,11
46962,1
47129,13
47522,1
47620,2
47634,1
66002,1
66204,125
66216,4
66224,1
67056,3
67205,20
40071,14
40205,21
40216,21
40504,48
40621,1
40769,4
40965,8
41041,16
41101,20
41465,3
42066,22
42262,1
42635,8
42653,14
42717,3
42743,5
70001,2
70006,91
70118,8
70129,3
70510,5
70560,9
70582,9
70810,4
71104,1
71357,1
71368,1
71446,3
71454,1
1843,9
1960,20
2215,1
2556,1
20657,2
20708,9
20774,7
20785,26
20815,161
20852,103
20902,77
21034,5
21047,6
21054,24
21078,34
21113,9
21220,8
21629,4
21802,1
21903,6
48073,2
48346,13
49684,1
55374,1
55441,8
55987,1
63028,12
63074,3
63109,45
63122,57
63125,7
63126,3
63368,13
63385,15
64056,7
64064,7
64076,4
64081,1
64106,1
64151,1
64155,3
65270,1
65775,8
38664,1
38748,1
38829,6
38967,2
39154,1
39212,1
39401,1
39402,23
39442,1
39465,6
39482,3
39530,50
39648,9
27244,3
27292,15
27344,18
27376,8
27379,1
27403,5
27565,1
27703,5
27938,1
27954,12
27962,1
28018,2
28052,3
28104,6
28144,33
28159,2
28277,137
28345,4
28358,20
28374,24
28392,1
28429,1
28462,3
28538,6
28574,1
28625,11
28704,10
68503,1
68505,1
68516,1
3038,11
3060,3
3062,1
3820,10
7001,9
7004,9
7010,8
7020,2
7032,22
7067,3
7080,40
7095,11
7105,19
7405,4
7424,37
7442,4
7446,14
7604,12
7630,15
7632,13
7642,1
7646,1
7675,10
7758,2
7832,7
7927,28
7974,4
8012,50
8036,14
8260,17
8611,7
8724,195
8750,10
8753,182
8755,284
8857,55
8889,6
87510,7
87530,1
87937,6
89015,7
89109,27
89110,7
89115,1
89118,17
89129,10
89523,19
10029,27
10044,1
10455,5
10457,11
10520,2
10550,4
10701,52
10708,2
11042,20
11102,7
11212,7
11356,1
11358,2
11374,28
11706,23
11714,5
11720,4
11725,18
11782,1
12110,47
12180,9
12211,5
12413,2
12414,7
12504,1
12528,7
12548,1
12571,7
12601,59
13048,1
13090,3
13202,1
13407,1
13440,8
13456,6
13502,81
13815,1
43230,36
43968,1
44011,2
44062,9
44129,2
44141,8
44147,1
44256,1
44307,1
44312,2
44406,8
44901,4
44903,4
45174,2
45347,1
45440,9
45679,5
45807,2
73080,1
73112,3
73130,3
73750,5
97141,6
97205,2
97520,3
15025,10
15215,1
15218,5
15221,1
16505,2
17011,1
17402,2
17403,5
18069,1
18073,11
18464,2
18503,11
18509,17
18702,9
18848,1
19030,5
19057,19
19060,1
19109,6
19115,92
19119,40
19120,20
19136,82
19153,3
19401,47
19440,4
19465,5
29067,4
29073,1
29164,2
29303,17
29379,3
29418,5
29631,4
29646,15
29710,3
29803,61
29909,11
57401,1
57730,1
37087,6
37204,11
37643,1
38114,5
38115,4
38127,14
38230,1
38320,8
38556,1
75030,2
75044,2
75077,27
75088,38
75126,5
75209,1
75218,30
75225,3
75241,2
75244,5
76006,1
76012,24
76013,32
76028,126
76207,14
76310,1
76367,2
77011,3
77045,2
77054,54
77056,3
77076,19
77085,1
77378,3
77385,3
77401,26
77423,2
77471,7
77539,7
78014,3
78211,53
78227,36
78233,159
78578,6
78599,1
78620,4
78702,66
78752,9
78759,5
78833,2
78861,3
78945,5
79121,6
79761,3
79912,73
79935,17
79938,18
84015,2
84042,8
84049,1
84404,2
20175,12
22032,2
22042,27
22182,6
22302,6
22401,105
22507,8
22508,7
22546,3
22807,1
23015,3
23030,1
23075,2
23235,125
23238,5
23314,10
23316,1
23690,3
23701,75
23704,23
23917,11
23944,3
24016,3
24147,1
24148,1
24239,2
24263,4
24293,5
24450,6
24541,16
24620,4
5148,1
98004,13
98007,8
98032,3
98033,1
98110,1
98116,1
98188,14
98221,4
98311,1
98513,4
98589,2
98683,8
53098,2
53218,2
54935,2
24868,3
24924,1
25827,3
26205,3
26241,21
26261,3
26301,3
26335,4
26716,2
26726,24
99801,11
35004,1
35042,1
35068,27
35205,40
35222,2
35242,11
36078,1
36092,3
36202,4
36310,18
36502,2
36526,16
36532,25
36553,1
36748,1
71639,1
71845,3
72104,18
72335,7
72437,1
72556,2
72601,9
72712,12
72744,1
72753,2
85004,19
85007,7
85023,8
85031,36
85201,15
85202,59
85255,50
85282,20
85308,166
85321,4
85338,18
85382,27
85716,26
85737,3
85743,8
86401,44
90067,15
90404,38
90505,231
90710,6
90745,54
91042,6
91326,3
91355,36
91501,4
91502,13
91724,3
91733,29
91740,77
91748,3
91765,10
91791,1
92037,76
92067,5
92084,3
92173,4
92243,14
92260,81
92270,297
92313,1
92316,3
92354,123
92371,15
92399,26
92408,33
92503,19
92505,39
92539,1
92543,240
92570,9
92586,67
92606,4
92618,63
92630,24
92656,6
92703,58
92843,53
92860,9
93063,1
93212,4
93234,2
93306,5
93444,8
93505,5
93647,30
93660,6
93955,12
93960,12
94062,4
94133,10
94301,2
94401,2
94509,27
94568,5
94612,4
95003,5
95403,37
95405,24
95969,1
96003,3
96080,4
80123,47
80215,49
80221,5
80231,3
80235,4
80906,19
80920,56
80923,29
81089,1
81240,5
20006,10
20059,1
32003,15
32005,1
32060,5
32064,3
32068,8
32084,1
32097,7
32138,3
32141,18
32162,72
32210,5
32244,9
32328,1
32536,4
32539,3
32601,33
32708,18
32712,2
32750,41
32763,179
32780,3
32804,41
32901,41
32922,2
32950,1
32960,17
33010,12
33018,3
33023,63
33033,23
33043,1
33067,15
33069,9
33134,78
33150,78
33173,76
33184,3
33314,7
33404,2
33434,14
33444,13
33455,7
33461,108
33472,14
33513,10
33548,2
33573,98
33604,22
33629,27
33708,10
33713,39
33756,56
33762,1
33777,38
33778,87
33809,20
33919,14
33936,24
33954,2
34209,24
34232,9
34286,6
34428,11
34434,3
34602,1
34609,65
34652,29
34677,4
34691,5
34744,23
34987,2
30025,3
30064,14
30084,40
30132,2
30143,38
30153,2
30189,39
30222,1
30223,76
30236,18
30252,6
30295,8
30306,3
30350,3
30417,13
30453,8
30537,2
30566,1
30635,2
30680,17
30705,10
30909,22
31210,28
31510,1
31604,4
31774,3
50201,6
83642,29
60008,11
60107,2
60123,46
60148,59
60153,6
60401,2
60425,2
60477,8
60517,11
60526,1
60615,5
60656,13
61108,1
61350,3
61530,1
62002,10
62010,1
62056,3
62208,2
62523,1
62549,1
62565,7
62864,24
62960,17
46123,2
46131,1
46135,1
46142,2
46260,35
46320,7
46755,1
46803,2
47334,2
47441,2
47802,238
66062,23
66160,2
66211,9
66502,54
66757,5
67206,21
67207,11
67546,1
67801,3
40019,1
40475,10
40503,76
40734,4
40823,1
41339,8
41776,5
42024,3
42041,1
42210,15
42718,19
70068,1
70113,2
70130,9
70448,19
70508,33
70555,2
70563,17
70576,1
70634,2
71203,29
71291,40
71301,31
71417,1
1604,13
2114,1
2118,1
2135,2
2379,4
2771,1
20659,4
20705,5
20706,66
20740,20
20744,16
20850,170
20872,15
20886,24
21074,5
21075,45
21136,16
21217,8
21218,42
21532,1
21701,49
21704,9
21787,7
21788,2
21922,4
48025,2
48326,1
48377,12
48503,1
48879,3
48910,1
49037,1
49424,1
49735,6
55317,1
55388,3
55402,10
63026,29
63104,2
63108,7
63873,1
64128,4
64469,1
64759,1
65632,2
38860,3
39203,2
39211,3
39426,4
39462,5
39638,1
59602,1
27016,3
27018,7
27104,2
27265,23
27298,18
27316,5
27332,7
27370,1
27415,1
27504,11
27508,2
27526,13
27617,30
27710,10
27830,1
27845,3
27849,4
27958,3
28031,24
28078,189
28105,248
28146,10
28262,73
28270,9
28304,301
28311,10
28328,8
28364,3
28388,4
28401,38
28421,2
28422,22
28457,4
28463,12
28468,20
28532,2
28601,108
28604,1
28637,2
28712,1
28803,31
68510,1
69101,1
3576,1
3890,1
7013,85
7018,16
7035,3
7065,26
7069,1
7071,15
7079,7
7103,79
7461,1
7605,2
7702,17
7716,13
7727,16
7728,81
7733,52
7830,8
7834,20
7853,6
7902,8
8004,2
8048,29
8050,170
8060,58
8084,65
8201,19
8203,20
8502,2
8648,85
8809,13
87531,3
87747,1
88007,12
89121,7
89146,10
89148,50
89149,16
89408,2
89445,3
89449,2
89509,29
10003,13
10020,3
10155,3
10310,5
10454,4
10459,3
10607,1
10913,1
11105,3
11210,3
11213,23
11216,10
11228,17
11230,13
11235,15
11361,10
11368,2
11372,10
11558,1
11570,16
11590,1
11719,1
11749,1
11793,10
11901,45
12009,1
12117,2
12118,2
12429,1
12484,5
12485,7
12572,16
12578,5
13210,10
13326,2
14048,1
14075,1
14620,1
14642,1
43062,1
43113,13
43205,15
43214,48
43334,1
43512,1
43793,8
44074,1
44114,1
44145,1
44223,8
44240,5
44273,1
44471,1
44483,3
44857,5
44906,12
45068,1
45150,6
45202,10
45206,1
45211,50
45220,1
45225,2
45236,8
45242,13
45247,4
45249,7
45342,44
45429,33
45640,2
45645,1
73071,4
73099,5
73110,12
73162,1
73651,2
74301,1
74884,1
97233,2
97361,2
97477,1
97601,10
15106,22
15108,4
15212,9
15219,1
15223,1
15236,9
15317,7
15333,1
15425,4
15478,1
15683,1
17033,3
17102,1
17901,2
18016,1
18064,1
18413,3
18452,4
18508,13
18704,1
18949,6
18955,2
18964,9
18966,47
18976,20
19010,68
19013,68
19014,14
19026,40
19038,18
19085,3
19090,66
19118,21
19124,32
19132,5
19139,11
19141,80
19383,1
19422,24
29020,35
29072,12
29102,18
29180,12
29205,7
29372,1
29388,5
29458,6
29464,47
29556,17
29697,1
29720,20
29745,9
29822,2
29902,11
57732,1
57747,4
37013,5
37074,10
37076,12
37148,4
37174,7
37327,1
37334,12
37355,9
37660,28
37683,4
37840,4
38112,20
38462,3
38469,3
38551,2
38562,10
75033,3
75034,52
75038,8
75050,2
75075,16
75189,4
75207,3
75234,7
75237,29
75407,5
75460,2
75657,2
75701,1
76002,1
76008,11
76063,37
76092,74
76111,1
76120,4
76201,12
76384,3
76542,1
77004,33
77018,10
77032,2
77039,4
77042,8
77061,2
77068,1
77086,1
77301,12
77339,69
77351,3
77355,8
77356,12
77384,80
77388,8
77445,3
77459,5
77511,14
77657,2
77702,36
78040,1
78076,7
78210,1
78215,211
78218,35
78231,5
78257,1
78341,10
78362,9
78390,1
78408,1
78550,164
78584,2
78626,1
78640,13
78801,17
79106,35
79226,1
79601,2
79915,107
79924,10
84062,15
84115,3
84118,5
84405,11
84758,1
20112,2
20121,22
20132,6
20152,9
20191,25
22015,13
22025,2
22035,2
22150,30
22303,3
22310,11
22473,6
22701,17
22851,1
22939,4
23225,114
23233,32
23298,8
23322,21
23323,13
23325,1
23413,2
23415,25
23605,23
23693,2
23702,3
23836,20
23868,11
23875,42
23924,3
23936,2
23970,8
24068,1
24091,3
24115,2
24216,1
24219,1
24315,3
24361,1
24441,1
24482,1
24502,20
24577,1
24641,12
98001,3
98022,4
98114,35
98203,1
98208,2
98275,1
98284,16
98292,8
98310,14
98383,2
98501,7
98532,8
98584,3
98665,1
98856,6
98907,17
53405,2
25287,1
25312,13
25314,20
25866,3
26164,5
26506,4
99709,1
35010,1
35071,17
35150,14
35160,1
35209,89
35216,9
35228,1
35233,18
35294,1
35405,1
35565,2
35741,4
35761,1
35957,4
36024,2
36028,1
36040,3
36274,6
36303,3
36344,1
36605,1
36617,15
36776,1
71601,2
72024,6
72210,1
72212,38
72512,2
72632,1
72719,1
72756,24
72903,10
85014,7
85051,24
85118,20
85139,8
85209,14
85210,100
85222,1
85224,323
85297,92
85349,52
85363,1
85601,3
85614,48
85641,15
85719,15
85748,5
85901,21
86314,62
86427,1
86441,1
90027,39
90035,3
90210,4
90242,4
90245,48
90250,40
90262,37
90301,22
90601,8
90680,1
90813,41
91202,1
91303,1
91344,59
91708,1
91761,14
91776,52
92126,5
92530,19
92562,171
92672,17
92683,74
92697,2
92840,24
92841,9
92861,2
92886,5
93065,17
93215,13
93309,49
93710,15
93727,9
93901,68
94019,2
94063,12
94087,3
94104,9
94111,26
94114,26
94115,216
94580,1
94596,33
95032,78
95126,17
95354,1
95573,1
95602,2
96001,121
96099,1
80016,3
80132,15
80212,10
80216,3
80218,74
80224,1
80232,2
80239,7
80247,2
80446,1
80466,2
80814,1
80829,4
80921,1
81006,1
81052,13
81067,5
81144,6
81416,1
6606,2
6880,1
20002,29
20003,19
20005,19
20015,5
20036,47
20515,1
19716,1
19802,25
19966,13
32056,7
32065,3
32073,28
32082,5
32091,1
32118,7
32144,2
32168,108
32176,11
32218,8
32309,3
32320,1
32433,1
32459,1
32507,2
32561,6
32618,1
32693,6
32704,2
32784,3
32818,61
32825,31
33025,65
33135,170
33137,33
33140,81
33330,14
33401,31
33407,75
33409,13
33428,68
33496,10
33579,9
33584,56
33602,4
33609,101
33611,3
33705,43
33760,3
33880,66
33903,3
34112,11
34142,14
34239,41
34287,6
34292,8
34432,7
34488,1
34683,2
34695,27
34786,9
34957,5
34983,6
30030,33
30032,43
30035,4
30046,36
30101,15
30134,48
30265,89
30338,17
30354,2
30401,18
30459,3
30523,3
30633,20
30703,9
30720,19
30741,1
30752,12
30907,5
31032,9
31093,37
31096,5
31213,1
31329,9
31406,20
31553,2
31605,4
31793,1
31811,1
31825,1
51401,1
83616,14
83706,5
60007,51
60076,6
60187,31
60195,12
60423,2
60463,3
60467,3
60564,19
60585,2
60608,94
60626,10
60638,35
60644,2
60652,4
61008,1
61115,2
61550,9
61924,1
62226,158
62298,4
46240,11
46256,1
46368,8
46526,12
46528,1
47265,3
47553,1
47577,1
47832,4
66067,2
66212,2
66427,2
67060,1
67152,1
67218,2
67401,14
40032,2
40160,6
40217,20
40220,30
40223,21
40229,5
40402,4
40447,10
40502,9
41056,23
42021,1
42240,2
42501,3
42701,37
42712,2
70002,3
70360,16
70447,2
70471,2
71101,3
71105,11
1536,1
1606,7
2109,7
20619,36
20636,79
20650,75
20716,52
20735,65
20743,13
20782,11
21045,145
21046,50
21050,18
21085,2
21093,82
21108,3
21223,12
21230,14
21631,2
21658,1
21716,9
48044,5
48084,3
48184,1
48220,12
48307,8
48430,2
48616,1
55446,11
55447,1
55905,2
63017,29
63105,4
63141,69
63301,7
63303,37
63764,2
64050,10
64139,1
64158,1
64776,1
65049,13
65401,2
65582,1
65785,2
38666,1
39111,1
39202,4
39303,2
39441,2
27006,4
27028,20
27260,1
27262,44
27314,15
27330,26
27371,12
27501,23
27516,1
27536,2
27540,8
27591,3
27604,5
27707,28
27712,1
27858,17
28035,1
28086,5
28145,1
28204,123
28217,6
28306,16
28348,3
28516,4
28529,6
28546,54
28572,1
28658,5
28715,2
28732,1
28806,5
3801,31
3842,3
3867,16
7011,29
7016,4
7028,10
7039,67
7041,33
7045,9
7072,3
7076,3
7202,40
7462,24
7514,22
7657,1
7738,3
7921,1
7938,1
8008,59
8022,11
8043,292
8049,2
8055,67
8081,12
8232,22
8512,1
8527,25
8554,1
8752,1
8831,36
8837,29
8844,87
8846,10
8863,3
8876,31
8903,14
87549,2
89032,7
89123,42
89506,9
10010,18
10011,20
10014,4
10031,5
10467,12
10471,1
10502,3
10541,4
10570,2
10595,6
10706,2
10710,1
10941,6
10952,13
10954,8
10956,69
10973,1
11010,4
11104,4
11204,11
11205,8
11225,3
11232,3
11419,7
11530,34
11554,9
11563,2
11710,1
11752,1
11766,13
11778,1
11780,39
11795,12
11959,1
11978,4
12074,1
12204,1
12309,8
12472,2
12771,15
13204,1
13317,1
13421,4
13441,2
13601,6
14031,1
14214,1
14217,2
43229,10
43920,14
44001,1
44003,7
44052,2
44094,4
44110,4
44425,10
44657,1
44685,3
45103,3
45133,7
45215,20
45327,1
45409,3
45459,15
45503,7
45801,4
73142,3
73505,4
97216,1
97230,9
97232,2
97504,3
15063,2
15232,9
15234,4
15401,4
15644,1
15666,2
16103,1
16635,1
17104,1
17331,10
18049,3
18109,2
18328,13
18434,2
18504,3
18962,3
19007,17
19022,3
19023,21
19033,5
19063,46
19083,44
19103,11
19105,2
19111,91
19114,44
19122,7
19192,1
19301,122
19512,3
19530,1
19603,2
29003,8
29127,1
29201,10
29401,2
29412,4
29492,4
29574,12
29605,55
29607,103
29666,4
29687,7
29731,12
29835,1
29906,3
29907,2
29910,31
37129,25
37160,1
37205,3
37208,5
37371,11
37615,10
37711,1
37766,4
37841,3
37862,19
37918,3
37932,1
38017,2
38119,25
38369,2
75013,26
75022,4
75070,33
75078,6
75094,5
75137,1
75215,10
75230,116
75232,1
75235,3
75240,14
75495,18
75652,2
75783,1
75972,4
76049,2
76126,8
76135,13
76164,1
76210,15
76227,1
76856,4
77015,32
77082,19
77098,18
77382,41
77477,1
77493,23
77504,43
77536,2
77571,4
78045,1
78070,2
78154,38
78155,34
78201,33
78221,376
78232,13
78368,1
78382,4
78414,107
78539,28
78624,7
78641,28
78660,16
79414,1
79707,11
84025,2
84041,5
84094,5
84121,5
84157,9
20148,12
22031,127
22193,17
22203,19
22314,4
22520,9
22556,2
22560,14
22572,17
23002,7
23093,10
23103,3
23139,22
23188,20
23219,3
23661,2
23839,4
24073,23
24112,31
24127,2
24328,1
24343,9
24348,2
24465,8
802,34
5401,1
98112,15
98126,6
98198,3
98249,8
98368,1
98499,19
98932,1
53066,1
53204,1
53221,1
24844,1
24970,3
25113,10
25271,6
25313,18
25427,3
25674,4
25813,10
25844,4
25917,3
26062,17
26101,13
26812,4
82716,1
35034,3
35045,28
35049,1
35080,4
35249,2
35652,1
35812,2
35983,5
36069,3
36104,1
36109,1
36340,26
36346,1
36442,2
36533,1
36535,34
36547,3
36652,5
36693,4
36854,19
36877,7
71860,2
72227,1
72762,1
72830,10
72947,3
85021,36
85142,25
85257,11
85356,3
85712,276
85715,54
85726,2
85741,71
86047,11
86351,1
86413,5
86426,8
90045,17
90057,62
90604,1
90606,2
90723,32
91007,120
91304,12
91325,72
91340,9
91361,6
91606,4
91731,2
91768,7
92025,268
92069,43
92083,93
92102,1
92109,9
92111,5
92139,4
92225,8
92253,47
92264,24
92315,4
92374,12
92376,28
92377,14
92557,10
92583,16
92602,1
92637,1
92691,92
92694,2
92705,102
92821,18
92832,2
93268,2
93292,2
93301,25
93454,10
93657,10
93701,6
93711,8
94015,20
94070,1
94112,1
94121,6
94305,13
94306,2
94545,1
94564,24
94574,3
94589,3
94705,55
95070,3
95128,49
95148,4
95648,1
95662,1
95765,3
95816,8
96022,1
80109,4
80209,28
80210,47
80303,2
80442,1
80498,3
80601,7
80631,14
80909,60
81101,8
81632,3
6052,2
6457,2
6610,1
20011,6
20012,2
20032,11
20060,52
19901,82
19968,7
19977,58
32114,157
32117,101
32119,31
32164,54
32205,39
32259,4
32401,2
32444,4
32505,2
32608,11
32628,2
32644,8
32669,3
32778,26
32806,135
32835,68
32927,8
32934,5
32935,10
33029,78
33060,44
33066,26
33081,2
33133,51
33143,81
33169,199
33189,37
33193,36
33312,18
33316,51
33430,54
33433,25
33458,75
33477,6
33559,58
33563,47
33568,1
33637,4
33701,25
33702,29
33771,53
33804,10
33837,78
33904,7
33928,4
33950,20
34104,12
34110,50
34210,38
34235,1
34289,1
34450,2
34601,9
34606,42
34607,18
34690,11
34747,9
34761,39
34952,63
34974,2
34990,3
30008,3
30017,8
30034,7
30115,22
30121,10
30240,105
30319,8
30331,34
30420,1
30534,16
30540,12
30548,7
30655,10
30669,1
30677,19
30701,22
30824,11
31008,1
31023,19
31305,1
31419,21
31520,23
31636,1
31707,3
31709,3
31750,7
31822,1
31824,2
31906,9
51652,2
52358,1
52402,60
52807,30
83202,8
60025,10
60126,13
60173,87
60304,4
60402,36
60532,27
60545,1
60561,3
60604,2
60629,4
60631,117
60651,8
60707,1
61348,1
61443,1
61554,8
61604,28
61701,16
62223,7
62236,4
62401,21
62812,3
62903,1
46038,2
46205,2
46241,2
46311,2
46601,3
46792,1
46947,1
47170,19
47374,2
47394,3
47630,5
47807,63
47874,3
47941,3
66046,2
66202,1
66215,23
66607,2
66749,6
67208,10
67220,2
40211,43
40222,91
40242,1
40336,6
40356,2
40391,3
40701,30
41501,20
41502,1
41740,1
41822,16
41847,2
42025,28
70043,24
70056,45
70058,5
70427,2
70443,1
70503,7
70593,1
70785,2
70791,13
70808,8
71103,4
71108,1
71115,2
71146,1
71201,60
71220,4
71232,1
71373,2
71463,5
1570,9
2301,60
2492,2
20602,67
20678,99
20695,17
20746,17
20747,12
20759,7
20851,1
20874,56
20901,33
20906,82
21122,24
21201,131
21205,14
21212,9
21214,1
21216,1
21740,10
21769,11
21771,11
21773,1
21804,141
21875,4
21911,9
48060,7
48209,1
48236,1
48507,1
49316,7
49548,1
55429,4
63052,2
63069,5
63118,2
63124,1
63136,2
63143,1
63379,27
63877,2
64067,5
64085,1
64093,4
64118,4
64601,3
65301,9
38633,1
38843,1
39428,1
39437,12
39532,7
59865,1
27021,25
27101,5
27106,39
27110,1
27204,18
27209,1
27288,18
27325,4
27405,34
27577,26
27610,31
27612,69
27615,62
27704,51
27895,13
27910,3
28002,1
28027,17
28166,1
28207,124
28213,1
28218,1
28303,28
28372,7
28379,4
28428,1
28513,4
28560,5
28643,5
28645,6
28792,51
68845,1
3042,1
3063,3
3458,1
3841,5
7012,3
7052,76
7054,16
7073,3
7106,2
7108,6
7207,51
7407,5
7444,24
7463,12
7631,42
7719,24
7724,67
7730,16
7731,58
7740,44
7882,14
7960,163
8034,160
8078,2
8097,21
8205,149
8226,12
8302,55
8401,44
8730,2
8757,18
8759,42
8822,100
8833,10
8854,13
88005,6
88081,1
89134,10
89145,24
89423,10
89450,2
89521,37
10009,15
10016,204
10025,24
10452,20
10469,6
10509,2
10801,28
10965,3
11214,6
11237,2
11367,3
11375,10
11379,20
11730,2
11740,1
11741,3
11779,2
11787,36
11971,2
12033,22
12144,2
12308,2
12553,19
13027,1
13031,1
13135,1
13203,1
14043,1
43215,20
43240,3
44089,1
44333,3
44442,8
44501,1
44514,2
44629,1
45005,30
45227,9
45238,2
45322,6
45345,1
45377,6
45417,2
45502,5
45661,2
45699,6
45701,3
45769,8
45804,3
73003,3
73065,2
73701,1
74023,1
74134,40
97003,2
97015,8
97624,1
15010,3
15022,5
15056,1
15146,26
15147,2
15237,14
15370,5
15456,1
15642,1
15722,1
16101,10
17109,1
17503,1
18322,3
18344,2
18517,1
19031,19
19040,9
19079,17
19087,36
19095,2
19106,14
19107,486
19138,2
19143,22
19317,9
19355,22
19426,25
19428,11
19464,65
2917,1
29045,13
29065,1
29118,26
29162,1
29325,9
29340,15
29406,55
29413,5
29429,1
29445,2
29461,7
29488,31
29551,4
29576,23
29578,1
29622,1
29642,32
29662,17
29690,39
29693,2
29708,51
29832,3
29926,77
29944,3
37061,2
37110,11
37122,1
37133,1
37188,3
37211,46
37312,18
37317,1
37380,4
37416,7
37716,10
37869,3
37922,15
38008,7
38059,1
38068,1
38138,6
38242,10
38310,2
38358,3
38464,21
75212,17
75252,27
75390,7
75605,1
75904,44
75956,1
76109,7
76132,161
76549,43
77010,21
77036,28
77058,34
77070,131
77072,22
77081,11
77089,45
77092,4
77331,2
77365,2
77396,26
77546,7
77566,6
77584,75
77701,24
77868,5
78041,76
78065,1
78071,1
78202,16
78228,223
78238,117
78239,22
78254,3
78377,1
78387,8
78412,14
78503,23
78559,1
78750,19
78753,35
78872,6
79045,6
79201,1
79331,5
79701,28
79731,6
79830,15
79849,2
79902,112
79907,4
84003,9
84606,10
84701,1
84725,2
22030,39
22033,115
22101,18
22205,55
22305,11
22406,10
22664,1
22747,1
22911,8
22932,1
22937,6
23181,3
23226,288
23227,25
23228,9
23230,173
23502,66
23517,18
23602,97
23882,10
23901,6
24153,105
24228,22
24279,1
24301,3
24378,2
24382,12
24504,19
24551,13
841,7
5255,2
5446,1
98070,1
98102,1
98133,14
98223,4
98370,15
98372,8
98466,4
98503,42
99216,15
53511,2
54650,1
24737,10
25064,10
25918,10
25962,1
26425,2
26521,1
26836,13
83001,1
